Indicator,Average abundance of black grouper per survey
Unit,Count of black grouper per RVC site
Year,Average abundance of black grouper
1999,0.124302083
2000,0.184494574
2001,0.153066813
2002,0.18438914
2003,0.134044484
2004,0.157099698
2005,0.179445351
2006,0.095545977
2007,0.126308901
2009,0.079879102
2010,0.110023041
2011,0.175422139
2014,0.064135331
2016,0.072635135
