Year,Calcareous Green Macroalgae Total Abundance
1995,0.695217391
1996,0.794326923
1997,0.997412281
1998,1.086040268
1999,0.882461538
2000,0.905721088
2001,1.178654839
2002,1.254554167
2003,1.290460833
2004,1.240753782
2005,1.027557047
2006,0.975620833
2007,1.0868625
2008,1.124933333
2009,1.1794375
2010,0.934089655
2011,1.139289916
2012,1.137422034
2013,0.82544
2014,1.011214085
2015,0.847034783
2016,0.908182143
2017,0.908501075
2018,0.6533675
