Indicator,Average abundance of hogfish per RVC survey
Unit,Count of red grouper per site
Year,Average abundance of hogfish in RVC sites
1999,0.319510569
2000,0.436448802
2001,0.449604752
2002,0.523066566
2003,0.424743392
2004,0.44333996
2005,0.54271632
2006,0.434291878
2007,0.435213415
2009,0.446929646
2010,0.4527897
2011,0.402403283
2012,0.476202159
2014,0.626424138
2016,0.637871848
