Indicator,Average abundance of red grouper per survey
Unit,Count of red grouper per site
Year,Average abundance of red grouper
1999,0.119579268
2000,0.16371865
2001,0.146189989
2003,0.139405204
2004,0.109965636
2005,0.120626151
2006,0.064101538
2007,0.066037736
2009,0.090640809
2010,0.074030552
2011,0.06741573
2012,0.097207859
2014,0.068779626
2016,0.078658966
