Indicator,Average abundance of yellowtail snapper per RVC site
Unit,Count of yellowtail per survey
Year,Average abundance of yellowtail snapper
1999,2.023222835
2000,2.212466312
2001,2.692238765
2002,2.09097732
2003,1.927069645
2004,2.411225659
2005,2.542697291
2006,1.722381579
2007,1.687207925
2009,1.308187295
2010,1.322248244
2011,1.320239938
2012,1.340353698
2014,1.540229487
2016,1.554369209
